driver_id,gender,age,number_of_kids
979863,MALE,26,2
780123,MALE,60,2
614848,MALE,45,4
775046,MALE,62,3
991601,MALE,23,0
670477,MALE,36,1
194053,MALE,35,0
364596,FEMALE,36,4
640428,MALE,28,0
154517,MALE,25,2
526114,MALE,24,4
845542,MALE,37,4
766736,MALE,19,1
944021,MALE,39,0
537441,MALE,41,4
410352,MALE,62,4
208841,MALE,22,0
304774,MALE,23,4
809879,MALE,27,2
509204,MALE,61,3
857801,FEMALE,19,0
841699,MALE,25,0
754023,FEMALE,70,1
275210,FEMALE,26,2
650617,MALE,49,2
111556,FEMALE,49,4
552556,MALE,20,0
190976,MALE,20,0
839936,MALE,55,3
719487,FEMALE,19,0
370389,MALE,19,0
721554,MALE,19,0
918649,MALE,24,0
619019,FEMALE,44,2
263195,FEMALE,65,0
839657,MALE,41,0
359675,MALE,22,0
166639,MALE,39,3
754564,FEMALE,41,1
950853,MALE,21,4
432148,FEMALE,51,3
628231,MALE,29,2
351076,MALE,30,0
509297,MALE,41,0
633583,MALE,51,2
735452,MALE,19,2
376324,MALE,25,0
363584,MALE,21,0
254250,MALE,23,2
510470,MALE,41,0
877887,MALE,26,3
964311,MALE,35,3
313543,MALE,32,1
315519,MALE,34,0
268449,MALE,23,0
235465,MALE,22,0
552916,MALE,33,2
832945,MALE,18,0
660359,MALE,21,0
925055,MALE,29,1
254658,MALE,44,0
321880,MALE,51,4
837683,MALE,30,4
489749,FEMALE,37,3
650888,MALE,18,1
661584,MALE,26,4
404701,MALE,59,0
199192,MALE,31,4
331011,MALE,24,0
463826,MALE,39,3
855904,MALE,46,4
506388,MALE,31,1
955218,FEMALE,34,1
394302,MALE,20,0
642746,MALE,64,0
929913,MALE,69,3
367297,FEMALE,31,3
874182,MALE,73,1
115363,MALE,30,0
469294,MALE,19,2
745743,MALE,69,2
708845,MALE,31,2
164378,MALE,30,0
241292,MALE,67,1
238258,MALE,66,0
982846,MALE,31,4
831323,FEMALE,47,0
439169,MALE,55,1
577541,MALE,48,0
782739,FEMALE,35,0
216311,MALE,28,0
136540,FEMALE,45,0
267965,FEMALE,33,1
981522,MALE,24,0
206326,MALE,18,0
931743,MALE,49,0
287717,FEMALE,50,2
315874,MALE,27,1
932206,MALE,75,0
904178,MALE,70,4
258024,MALE,20,0
595308,MALE,29,0
229952,MALE,28,0
680280,FEMALE,25,0
138055,MALE,30,2
348225,MALE,21,0
899313,MALE,27,0
918294,MALE,30,0
818073,FEMALE,47,4
939046,MALE,25,0
599581,MALE,19,0
346754,FEMALE,22,1
162703,MALE,39,4
327050,FEMALE,25,4
534034,FEMALE,41,3
875537,FEMALE,21,2
191846,FEMALE,67,1
708636,MALE,21,0
663193,MALE,21,0
191535,MALE,29,2
576390,MALE,50,0
952002,MALE,31,0
844644,MALE,29,4
625633,FEMALE,49,0
925494,MALE,48,1
947143,MALE,51,0
615105,MALE,20,0
952019,MALE,30,2
745999,MALE,51,2
758237,MALE,37,0
936069,MALE,42,4
711123,MALE,24,0
485604,MALE,25,0
475236,MALE,28,4
513844,FEMALE,42,0
130677,FEMALE,34,0
939383,MALE,21,0
785617,MALE,19,4
746302,FEMALE,49,3
297858,MALE,19,0
695652,MALE,26,1
130269,FEMALE,29,2
453126,MALE,28,0
583608,MALE,46,0
846967,FEMALE,25,0
962511,MALE,21,0
819418,FEMALE,19,0
511171,FEMALE,26,0
553003,FEMALE,47,1
944433,MALE,34,2
618080,FEMALE,22,0
566116,MALE,24,4
794309,MALE,36,4
938672,MALE,27,3
538438,MALE,53,2
515199,MALE,33,1
279518,MALE,51,0
221206,FEMALE,22,0
748888,FEMALE,34,3
398202,MALE,20,0
248514,MALE,23,0
514222,MALE,42,0
957412,MALE,29,1
397727,MALE,65,4
659261,MALE,59,0
276048,FEMALE,26,1
206606,MALE,35,1
476898,FEMALE,40,0
359968,MALE,35,4
899753,FEMALE,25,0
731955,MALE,23,0
490161,MALE,18,0
733292,FEMALE,49,0
398464,MALE,46,1
461694,MALE,38,4
896803,MALE,31,0
225261,MALE,41,4
545874,MALE,23,0
503007,MALE,40,4
984898,MALE,29,0
519469,FEMALE,34,4
346905,FEMALE,48,2
617401,MALE,31,4
295091,MALE,30,0
651266,MALE,21,0
794003,MALE,18,2
392757,FEMALE,50,4
722357,FEMALE,45,3
560906,MALE,45,1
357547,MALE,23,0
917209,FEMALE,38,4
174225,MALE,32,4
995065,MALE,26,2
667008,MALE,19,0
471404,FEMALE,44,2
806338,FEMALE,45,1
390643,MALE,35,0
884811,MALE,29,0
777870,MALE,23,4
514884,FEMALE,25,0
937299,MALE,70,4
694670,FEMALE,48,3
632778,MALE,54,1
702955,MALE,61,1
733484,MALE,29,3
484010,MALE,47,2
992893,FEMALE,39,0
847300,MALE,40,1
483348,FEMALE,26,2
367470,MALE,31,3
802975,FEMALE,50,3
156995,MALE,23,0
646046,MALE,22,1
925635,MALE,23,0
650523,MALE,24,2
392281,MALE,21,2
521956,MALE,72,3
900503,MALE,31,4
738245,MALE,27,0
141244,MALE,33,0
187386,FEMALE,55,4
625658,MALE,29,0
204011,MALE,47,1
393374,FEMALE,21,0
190237,MALE,22,0
605497,FEMALE,45,0
794877,MALE,45,1
397411,MALE,23,0
473936,MALE,50,4
787135,MALE,51,3
227450,MALE,30,3
320227,MALE,22,4
536783,MALE,63,2
691726,MALE,26,0
351759,FEMALE,33,0
609712,MALE,31,3
393925,MALE,22,3
627484,MALE,22,0
582453,MALE,64,4
873138,MALE,23,0
918884,MALE,26,0
446063,MALE,33,4
875221,FEMALE,19,0
778163,MALE,34,1
842010,FEMALE,33,2
733443,FEMALE,28,2
280454,MALE,59,2
165807,MALE,42,1
284577,MALE,21,0
646872,MALE,19,0
840416,MALE,41,1
723747,MALE,57,3
383558,MALE,71,0
461658,MALE,51,4
804126,MALE,36,0
240510,MALE,34,0
158932,MALE,29,0
827640,FEMALE,39,3
934465,MALE,18,0
989576,FEMALE,66,2
738845,MALE,65,3
687449,MALE,31,4
534717,MALE,50,4
660433,MALE,25,0
783778,FEMALE,32,0
769258,MALE,28,0
371001,MALE,40,1
324175,MALE,27,0
148253,MALE,22,1
353695,MALE,23,0
114890,MALE,73,1
637243,MALE,33,1
305022,FEMALE,36,1
878960,MALE,24,0
446973,MALE,49,2
459646,MALE,31,2
585157,MALE,54,2
782654,MALE,28,0
138872,MALE,27,2
653708,MALE,42,2
260391,MALE,28,0
373017,MALE,30,2
551884,FEMALE,41,0
344354,MALE,19,0
777047,MALE,21,3
660011,MALE,20,0
327790,MALE,31,1
187753,MALE,25,0
292830,MALE,27,1
349538,MALE,20,1
998215,FEMALE,52,2
181496,MALE,68,0
506329,FEMALE,50,4
254039,MALE,26,3
852310,MALE,34,3
241846,MALE,35,0
385418,FEMALE,38,1
822283,MALE,22,4
746115,MALE,31,4
202682,FEMALE,46,2
573116,MALE,61,4
930272,MALE,37,3
191302,MALE,19,0
919910,MALE,24,0
886569,MALE,46,4
821248,MALE,30,3
980282,MALE,18,0
489210,MALE,31,0
579117,MALE,35,2
479536,FEMALE,71,2
821435,MALE,36,3
309739,FEMALE,50,2
640303,FEMALE,24,0
553416,FEMALE,46,4
307869,FEMALE,55,3
737801,MALE,65,1
256846,FEMALE,49,2
782773,MALE,19,0
630002,FEMALE,20,0
740052,MALE,23,2
697185,MALE,37,2
588094,MALE,30,4
362379,MALE,35,3
214170,MALE,23,0
393036,MALE,31,0
797595,MALE,31,4
934994,MALE,28,0
180913,FEMALE,37,2
531514,FEMALE,27,0
604666,MALE,37,3
641146,FEMALE,34,1
447547,FEMALE,25,0
282120,FEMALE,18,0
822536,MALE,38,0
861371,MALE,19,0
151349,MALE,26,3
442864,FEMALE,27,0
226184,FEMALE,46,4
370530,MALE,20,0
934937,MALE,29,0
339295,FEMALE,56,1
570917,FEMALE,36,1
710514,FEMALE,19,4
614909,FEMALE,36,0
540100,MALE,73,1
473046,MALE,36,0
804622,MALE,20,0
743899,MALE,46,3
192333,FEMALE,33,3
302192,MALE,20,0
565930,MALE,43,1
897110,MALE,40,1
988496,MALE,30,3
563664,FEMALE,26,3
941648,MALE,36,3
865480,FEMALE,25,0
731569,MALE,42,4
279766,MALE,26,3
551844,MALE,21,0
307634,MALE,25,0
712983,MALE,45,0
298062,MALE,43,3
563961,MALE,26,0
960575,MALE,22,3
349716,MALE,67,0
972829,MALE,46,1
972656,MALE,44,0
540268,MALE,31,3
533503,MALE,42,4
571738,MALE,44,3
404731,MALE,34,3
875135,MALE,28,0
794596,FEMALE,31,4
553593,MALE,57,2
785215,FEMALE,28,1
244595,MALE,34,2
851630,MALE,50,3
409359,FEMALE,31,0
675637,MALE,26,0
919558,MALE,37,0
406805,FEMALE,38,0
349679,MALE,74,1
820083,MALE,21,0
480603,MALE,23,0
452206,MALE,75,0
152078,MALE,19,3
213530,MALE,55,3
454707,MALE,24,3
320227,MALE,42,4
454267,FEMALE,18,0
892317,MALE,51,4
965673,MALE,18,0
490503,FEMALE,44,4
306035,MALE,45,4
989420,MALE,31,0
829741,MALE,24,0
628647,FEMALE,25,0
272411,FEMALE,47,3
767453,MALE,72,0
409742,MALE,37,4
698574,MALE,67,3
819823,MALE,39,3
805920,MALE,22,0
176810,MALE,30,4
715431,MALE,55,2
755248,FEMALE,30,0
379241,MALE,22,0
267360,MALE,18,0
135647,MALE,50,3
414451,MALE,20,0
389479,MALE,49,2
582812,FEMALE,42,2
238085,MALE,28,0
774281,FEMALE,26,4
532092,FEMALE,36,3
739115,FEMALE,43,2
257202,MALE,64,3
556646,FEMALE,51,3
179408,MALE,44,4
970542,MALE,50,3
696793,MALE,30,3
521635,MALE,24,4
119052,MALE,32,2
427611,MALE,28,0
326448,FEMALE,31,0
618738,MALE,63,1
667952,MALE,62,0
223461,MALE,21,0
437227,FEMALE,35,3
430050,MALE,58,0
930237,FEMALE,47,3
380457,MALE,51,1
347290,FEMALE,74,2
964452,MALE,31,1
748292,FEMALE,26,2
205254,MALE,33,0
604257,MALE,22,4
604013,MALE,30,0
579436,MALE,30,4
228774,FEMALE,23,0
462372,MALE,18,3
867327,MALE,25,4
232704,MALE,45,4
657270,MALE,23,0
379590,MALE,29,0
783391,MALE,21,0
201479,MALE,74,2
481090,MALE,50,0
178066,MALE,31,3
888044,FEMALE,22,0
324162,MALE,31,0
185706,MALE,51,2
651784,MALE,25,0
168640,MALE,44,1
158690,FEMALE,44,2
784616,MALE,19,0
260399,FEMALE,41,0
705810,MALE,20,0
466593,FEMALE,68,2
960183,MALE,36,2
231892,MALE,19,3
366768,MALE,51,1
540078,FEMALE,49,3
885930,FEMALE,21,0
773037,MALE,22,0
111839,MALE,25,0
994359,MALE,32,4
584198,MALE,32,2
894755,MALE,22,0
143113,MALE,38,2
553798,MALE,31,0
740594,FEMALE,51,0
787374,MALE,50,3
444685,MALE,44,4
790142,MALE,68,3
916031,MALE,22,3
356764,MALE,57,4
728796,MALE,21,1
284510,MALE,68,4
776328,MALE,40,4
658541,FEMALE,21,0
778100,MALE,23,0
307239,MALE,29,4
925191,MALE,23,3
383384,FEMALE,19,0
272295,MALE,31,0
827089,FEMALE,50,1
139649,MALE,42,2
340766,MALE,26,0
746511,MALE,54,3
461693,MALE,28,3
195696,FEMALE,36,0
483281,MALE,41,0
855708,MALE,28,0
882656,FEMALE,38,0
704535,MALE,42,0
341618,MALE,21,1
501221,MALE,31,4
134678,MALE,71,0
969999,MALE,29,2
279983,MALE,22,0
251431,MALE,31,2
849551,MALE,34,3
298964,FEMALE,27,0
631725,MALE,71,2
569718,MALE,20,0
523243,MALE,63,1
125160,MALE,42,2
931160,MALE,22,2
189758,MALE,20,0
357177,MALE,23,0
737414,MALE,44,2
789302,MALE,18,0
133995,MALE,24,0
159948,MALE,21,0
615703,MALE,65,3
264233,MALE,53,1
218594,FEMALE,50,0
416502,FEMALE,18,0
787522,MALE,30,1
458318,MALE,65,3
923956,MALE,21,0
219491,MALE,43,0
255553,MALE,31,0
929468,MALE,24,0
954613,MALE,44,3
560750,FEMALE,26,0
728899,MALE,70,4
381838,MALE,31,2
647569,MALE,24,0
462310,MALE,49,0
399254,MALE,51,2
387897,MALE,63,0
391872,MALE,26,0
427935,MALE,37,4
418030,FEMALE,25,2
622665,MALE,25,1
539336,MALE,30,0
605793,MALE,23,1
536785,MALE,27,0
996455,MALE,23,1
343976,MALE,30,0
947257,MALE,20,4
858417,MALE,20,0
647942,MALE,55,4
884765,MALE,24,1
810952,FEMALE,34,3
170728,FEMALE,23,0
187398,MALE,46,0
973126,MALE,31,0
364896,MALE,52,4
297826,MALE,24,0
403337,MALE,65,1
632755,FEMALE,27,3
197249,MALE,20,0
568513,MALE,18,0
384440,FEMALE,33,1
714852,FEMALE,34,3
408643,MALE,67,3
641830,MALE,25,0
295560,MALE,23,0
575962,MALE,24,0
614442,MALE,29,2
627136,MALE,65,4
209221,FEMALE,29,0
321474,MALE,30,3
671719,MALE,68,4
627265,MALE,61,3
300828,MALE,51,1
609036,MALE,31,1
745843,FEMALE,46,2
625266,MALE,46,3
641541,MALE,53,0
751773,FEMALE,46,4
618501,FEMALE,41,0
780742,FEMALE,38,3
531789,MALE,29,0
835626,MALE,26,0
725767,MALE,31,0
723350,FEMALE,49,0
819351,MALE,48,3
440159,MALE,56,0
477407,MALE,42,0
787987,MALE,34,0
120837,MALE,18,4
903949,MALE,57,0
763539,MALE,53,1
437893,MALE,31,2
412481,MALE,75,0
305785,MALE,24,0
543381,FEMALE,22,0
498137,MALE,18,0
298624,MALE,29,0
788093,MALE,19,0
682939,FEMALE,27,0
815025,MALE,23,0
456726,MALE,31,3
204063,MALE,27,3
680442,FEMALE,56,0
940221,MALE,40,0
475351,MALE,66,0
484883,MALE,32,0
674033,MALE,19,3
872360,MALE,30,3
929107,MALE,37,0
541134,FEMALE,33,0
732491,MALE,49,3
994686,FEMALE,41,2
396544,MALE,40,3
220778,MALE,24,0
826871,FEMALE,19,0
575016,MALE,22,2
976373,FEMALE,50,0
972815,MALE,57,1
255282,FEMALE,51,4
465073,MALE,23,0
799065,MALE,75,1
652704,MALE,43,3
649275,MALE,45,4
844043,MALE,51,4
438671,MALE,31,4
170897,FEMALE,23,0
187172,MALE,25,1
239136,MALE,18,0
228769,MALE,42,2
566319,FEMALE,31,1
847161,MALE,42,4
558542,MALE,27,0
783443,MALE,35,0
627176,MALE,28,1
856799,MALE,20,0
687443,FEMALE,26,0
414156,MALE,52,3
783794,MALE,27,3
985305,MALE,24,4
526387,MALE,24,0
523163,MALE,28,3
741734,MALE,26,0
545802,MALE,20,0
912451,MALE,31,0
488409,MALE,23,0
918380,FEMALE,34,0
854929,MALE,27,2
526850,FEMALE,32,0
784279,FEMALE,21,0
597461,MALE,26,4
591882,MALE,22,0
485185,MALE,31,4
961564,MALE,30,0
757454,MALE,27,0
484167,MALE,43,3
215252,MALE,23,0
357995,FEMALE,45,4
953765,MALE,63,4
684849,MALE,36,0
563041,FEMALE,38,1
953347,FEMALE,26,4
680061,MALE,31,1
568576,MALE,25,0
150113,MALE,54,2
679643,MALE,30,1
938409,MALE,22,0
479491,MALE,49,0
735712,MALE,31,0
356915,MALE,18,0
978030,MALE,66,3
794792,MALE,31,2
362449,MALE,24,0
897491,FEMALE,48,0
177586,MALE,53,0
958988,MALE,33,2
882575,MALE,49,2
543048,FEMALE,22,0
578761,MALE,46,0
278459,MALE,29,0
449815,MALE,25,0
757232,MALE,35,4
151907,MALE,75,4
210219,FEMALE,19,0
598153,MALE,74,4
906695,MALE,33,0
706392,FEMALE,19,0
604083,FEMALE,56,0
400453,MALE,39,2
788387,MALE,18,0
534934,MALE,43,3
466276,MALE,69,2
509127,MALE,22,0
726890,MALE,31,3
551932,MALE,20,0
285388,FEMALE,29,4
387341,FEMALE,21,0
743081,MALE,42,1
649079,MALE,36,0
360348,MALE,29,0
390632,MALE,74,0
535413,MALE,33,0
272449,FEMALE,28,4
594872,MALE,39,0
952667,MALE,26,2
915396,MALE,31,0
653557,FEMALE,39,1
274760,MALE,51,4
166064,MALE,47,2
604510,MALE,47,1
629900,MALE,19,0
689019,MALE,25,3
113043,MALE,28,0
416880,MALE,18,1
508510,MALE,27,1
921788,FEMALE,50,1
329993,MALE,29,2
992795,MALE,72,4
556059,FEMALE,21,0
349804,MALE,32,2
717509,MALE,71,0
946120,MALE,34,3
919150,MALE,30,3
762092,FEMALE,24,0
395550,MALE,58,2
579996,FEMALE,28,0
238097,MALE,23,0
905619,FEMALE,22,0
371346,MALE,35,3
608943,MALE,41,3
447865,FEMALE,24,0
284855,MALE,45,3
933776,MALE,24,3
505537,FEMALE,26,2
243365,MALE,40,3
553944,FEMALE,70,1
432136,FEMALE,72,2
746296,MALE,30,1
852202,MALE,25,1
383424,MALE,30,4
428646,MALE,19,0
771313,FEMALE,32,4
889123,MALE,52,1
655897,MALE,29,0
315975,MALE,31,3
431542,FEMALE,20,0
566813,MALE,58,3
266533,MALE,34,3
363675,MALE,37,3
953098,MALE,48,1
281578,MALE,21,2
465628,MALE,36,1
818618,MALE,66,2
671070,MALE,44,1
715897,MALE,22,0
971478,MALE,23,0
558573,MALE,19,0
113140,MALE,18,0
396749,MALE,28,0
778686,MALE,36,1
730697,MALE,43,3
789404,MALE,45,3
518863,FEMALE,26,3
178941,MALE,34,0
635091,MALE,25,0
315002,MALE,31,3
498612,MALE,42,3
351065,MALE,26,1
409772,MALE,23,0
189241,MALE,30,1
151806,MALE,39,3
680940,MALE,67,4
628163,MALE,49,0
133159,MALE,21,0
315979,FEMALE,60,2
381429,FEMALE,36,2
877245,MALE,68,0
344949,MALE,23,1
770922,MALE,68,0
981548,MALE,26,0
250924,MALE,19,0
120966,MALE,30,0
835732,MALE,25,0
297484,MALE,32,4
342310,MALE,48,4
360122,FEMALE,21,0
955496,FEMALE,47,4
746847,FEMALE,24,0
692906,MALE,23,0
788845,MALE,42,1
548482,FEMALE,42,4
400934,MALE,44,3
897541,FEMALE,24,0
622423,MALE,56,3
903661,FEMALE,31,0
159157,MALE,72,4
467303,MALE,30,4
273348,MALE,43,4
982161,MALE,27,1
835421,FEMALE,59,4
321710,MALE,43,4
247145,MALE,38,1
252307,MALE,28,0
535916,FEMALE,40,1
288369,FEMALE,24,1
631476,MALE,38,0
176534,MALE,33,4
623699,FEMALE,45,4
741509,MALE,23,0
401587,MALE,49,0
526139,FEMALE,33,3
477710,MALE,24,3
854135,FEMALE,30,3
666922,FEMALE,50,2
977106,MALE,30,2
231372,MALE,32,2
270247,MALE,34,3
474130,MALE,37,2
877921,MALE,27,0
516935,MALE,23,0
276571,MALE,25,1
268248,MALE,29,0
885583,MALE,18,0
930410,FEMALE,48,1
398113,MALE,30,3
443730,MALE,32,4
914530,MALE,20,1
982329,MALE,18,2
310809,MALE,33,0
800407,MALE,46,0
364461,FEMALE,49,0
979669,MALE,67,0
302196,MALE,37,1
559230,MALE,68,2
316828,MALE,23,0
720619,MALE,19,0
838429,MALE,36,1
691689,MALE,49,1
482605,MALE,30,4
580582,MALE,21,2
669445,FEMALE,21,4
852060,MALE,24,0
153964,MALE,20,0
577588,MALE,68,0
230923,MALE,18,0
492661,MALE,23,0
723910,MALE,32,4
841720,MALE,50,2
654507,FEMALE,22,0
214586,MALE,45,0
955928,FEMALE,24,0
688989,MALE,37,2
176525,MALE,24,0
708799,MALE,26,0
733793,MALE,21,0
752045,MALE,24,0
761310,MALE,31,0
652615,FEMALE,46,2
923529,MALE,43,2
754918,MALE,59,3
799745,MALE,19,3
890979,MALE,26,0
846130,MALE,29,0
678750,MALE,31,1
996072,MALE,28,1
729133,MALE,49,1
363799,MALE,69,2
521274,MALE,29,1
255126,FEMALE,50,4
704534,MALE,36,3
967080,MALE,20,3
507766,MALE,34,3
122227,MALE,31,0
929809,MALE,27,2
347502,MALE,45,2
876636,FEMALE,25,1
576379,MALE,71,2
309000,MALE,23,0
997190,FEMALE,20,0
366126,MALE,25,0
689400,FEMALE,51,4
891831,MALE,31,2
631635,FEMALE,44,2
119171,MALE,69,4
472161,MALE,59,1
185389,FEMALE,24,0
508663,MALE,36,0
866046,MALE,64,4
166720,MALE,43,0
377346,MALE,20,4
389645,MALE,31,1
341656,MALE,53,0
663683,FEMALE,21,0
729150,FEMALE,43,3
944146,MALE,43,4
303305,MALE,26,0
434996,MALE,18,0
665037,MALE,44,4
730487,MALE,25,4
187433,MALE,18,3
279458,MALE,47,2
749467,MALE,24,0
651262,FEMALE,24,0
909878,FEMALE,26,4
985650,MALE,26,0
817023,MALE,38,2
534622,MALE,24,1
841994,FEMALE,64,3
330321,MALE,18,0
521509,MALE,51,2
304909,FEMALE,46,1
751945,MALE,23,0
942739,MALE,23,4
614454,MALE,43,2
958352,MALE,31,4
823894,MALE,30,3
212662,MALE,18,3
899622,MALE,68,0
776278,MALE,68,2
343540,MALE,39,3
221336,MALE,18,0
817502,FEMALE,36,1
477580,MALE,24,0
489088,MALE,73,1
248285,MALE,36,1
127312,MALE,21,4
132869,MALE,44,0
675093,MALE,39,0
861271,FEMALE,33,2
607423,MALE,51,1
188565,MALE,46,0
889406,FEMALE,22,0
914400,MALE,28,0
654599,MALE,20,2
798984,FEMALE,72,0
886616,MALE,31,4
521265,MALE,24,0
810052,MALE,65,3
129546,MALE,22,0
121222,MALE,29,1
935547,MALE,22,3
211667,FEMALE,48,2
746313,FEMALE,18,0
791139,FEMALE,51,0
517458,MALE,41,3
947824,MALE,31,2
221115,FEMALE,26,0
770082,FEMALE,29,4
908515,MALE,34,4
183844,MALE,24,0
977105,MALE,36,1
415861,MALE,60,1
679638,FEMALE,34,4
284322,MALE,22,0
867414,MALE,50,3
885665,MALE,45,0
473550,MALE,39,4
489764,MALE,23,0
269233,MALE,48,4
626616,MALE,23,0
247028,MALE,25,3
602390,MALE,68,4
939150,MALE,20,4
832058,MALE,42,0
584952,FEMALE,23,0
569050,MALE,24,0
872491,MALE,43,4
125616,FEMALE,23,0
903691,MALE,62,0
703800,MALE,31,3
848186,MALE,68,4
461855,MALE,29,0
525267,MALE,31,0
417385,FEMALE,45,3
920734,MALE,29,0
190484,MALE,51,1
324524,MALE,74,0
887372,MALE,64,1
474466,FEMALE,49,0
811226,MALE,36,4
124768,MALE,28,0
162852,MALE,35,0
135486,MALE,49,4
392520,FEMALE,25,0
250484,MALE,22,4
607076,FEMALE,20,0
238207,FEMALE,33,0
885501,FEMALE,29,3
844255,MALE,56,3
637605,MALE,30,0
629281,MALE,20,0
248462,MALE,32,0
784735,FEMALE,29,2
405542,MALE,25,0
284570,MALE,21,0
274003,MALE,25,2
279164,FEMALE,48,3
348195,FEMALE,28,1
298975,MALE,67,0
582584,MALE,21,0
780515,FEMALE,18,0
985189,MALE,24,0
319180,MALE,38,1
436990,MALE,50,0
342593,MALE,24,0
307694,MALE,28,0
185474,MALE,70,1
906983,MALE,32,1
732860,MALE,37,1
592054,MALE,39,4
367716,MALE,22,0
392710,MALE,27,0
968252,MALE,23,3
732988,MALE,34,0
493432,MALE,64,2
226849,MALE,51,3
391858,FEMALE,43,2
794858,MALE,50,0
955473,MALE,69,0
648869,MALE,30,2
693696,MALE,64,3
975062,MALE,27,2
847347,FEMALE,24,0
150042,MALE,26,0
573682,MALE,28,1
881828,MALE,43,0
927446,MALE,54,3
852881,MALE,21,0
771574,MALE,35,2
976598,MALE,20,0
704649,FEMALE,22,0
298487,MALE,55,3
317529,MALE,34,3
427365,MALE,24,1
200882,FEMALE,26,1
696698,MALE,41,0
185025,FEMALE,22,0
812487,MALE,30,1
877146,MALE,68,0
919601,MALE,28,0
817231,MALE,27,3
365055,FEMALE,48,3
695072,FEMALE,43,0
912836,MALE,26,1
438585,MALE,24,0
390596,MALE,28,2
963766,MALE,37,1
191456,FEMALE,44,1
972463,FEMALE,20,1
314823,MALE,67,0
863790,FEMALE,19,0
720947,MALE,18,0
667813,MALE,28,0
460372,MALE,74,0
383792,MALE,30,3
633833,MALE,72,2
347061,MALE,23,3
584263,MALE,32,4
124949,MALE,46,2
141953,MALE,26,3
598104,MALE,65,1
569948,MALE,58,2
233165,FEMALE,21,0
317657,FEMALE,30,0
595314,FEMALE,28,0
686549,MALE,22,4
902687,MALE,27,0
370390,MALE,28,0
170483,MALE,26,4
500500,FEMALE,27,0
444039,FEMALE,27,0
900190,MALE,68,2
241760,MALE,54,0
342070,FEMALE,42,1
446395,MALE,22,2
346045,MALE,75,0
225880,MALE,30,3
600267,MALE,38,0
718868,MALE,24,1
929494,FEMALE,50,2
536421,MALE,21,2
985389,MALE,30,0
645467,MALE,41,4
186153,MALE,28,1
246198,MALE,50,0
914556,FEMALE,20,0
435410,MALE,20,0
540525,MALE,30,4
444897,MALE,59,3
589283,MALE,26,1
488933,MALE,32,2
122436,FEMALE,25,0
119624,MALE,30,0
628112,MALE,34,4
607094,MALE,21,0
340155,FEMALE,30,2
959862,MALE,24,0
447398,MALE,75,0
910292,FEMALE,25,0
896016,MALE,49,4
408896,MALE,40,1
869418,MALE,37,3
522753,MALE,36,3
931265,MALE,22,3
446167,MALE,25,0
298619,FEMALE,30,2
767860,MALE,48,1
811440,MALE,48,0
631381,MALE,67,4
962189,FEMALE,49,0
144702,FEMALE,28,4
757666,MALE,20,0
295981,MALE,67,0
572848,MALE,67,2
597401,FEMALE,30,0
250737,MALE,71,3
799703,MALE,28,0
268197,MALE,27,2
403802,MALE,30,0
209846,MALE,55,1
925403,FEMALE,41,2
479987,MALE,27,1
241956,MALE,35,0
597362,MALE,19,0
919201,MALE,29,0
705413,MALE,67,0
651472,MALE,34,3
941823,FEMALE,32,2
573288,MALE,36,4
300397,MALE,20,0
922347,MALE,48,0
864012,MALE,30,3
789843,FEMALE,21,0
773964,MALE,72,2
368196,MALE,24,0
271951,MALE,25,4
535728,MALE,28,4
574603,FEMALE,19,0
420312,MALE,65,4
673743,MALE,36,0
871279,FEMALE,51,0
286623,MALE,64,2
973582,MALE,22,1
494832,MALE,27,1
612642,MALE,22,0
810573,FEMALE,36,3
831964,MALE,18,0
206852,MALE,23,2
603109,MALE,35,3
692892,FEMALE,58,2
498936,MALE,24,4
490612,MALE,18,0
634997,MALE,71,3
772200,MALE,29,3
393008,MALE,27,0
510818,MALE,41,1
582220,MALE,28,0
841603,FEMALE,32,0
913005,MALE,43,4
816570,MALE,28,0
138307,MALE,46,3
390196,MALE,22,0
222815,MALE,48,0
919481,FEMALE,26,0
646590,MALE,20,0
850473,MALE,28,0
708438,MALE,31,4
601346,MALE,24,2
566447,MALE,59,3
346706,MALE,19,0
442645,MALE,71,2
938462,MALE,34,1
783358,FEMALE,32,2
742507,MALE,49,1
908577,MALE,19,0
668213,FEMALE,46,3
706297,MALE,27,0
663820,MALE,49,0
244962,MALE,32,3
913320,MALE,51,1
241800,FEMALE,22,0
285379,MALE,52,0
423022,MALE,24,0
706631,MALE,30,0
838322,MALE,34,2
603470,FEMALE,49,4
566199,MALE,33,2
823233,MALE,22,0
169302,FEMALE,39,1
413641,FEMALE,43,0
505683,MALE,59,4
544557,FEMALE,43,3
454865,MALE,32,1
804715,MALE,38,1
777349,MALE,28,0
291460,FEMALE,25,0
242240,FEMALE,51,3
133172,MALE,30,0
864168,MALE,59,1
185905,MALE,26,0
855053,FEMALE,26,1
641265,MALE,46,0
199541,MALE,51,4
828629,MALE,39,2
137276,MALE,51,0
825467,MALE,33,2
551345,MALE,33,1
715563,MALE,31,0
375641,MALE,24,0
228093,MALE,55,4
879758,MALE,21,0
831769,MALE,21,0
652858,MALE,36,4
273665,FEMALE,45,3
455473,MALE,28,0
500300,MALE,23,0
810484,FEMALE,25,0
838618,MALE,32,1
571679,FEMALE,48,4
961590,FEMALE,45,1
641500,MALE,27,4
864381,MALE,37,0
684305,FEMALE,27,4
251567,MALE,18,4
992909,MALE,27,0
286823,MALE,19,0
636673,MALE,36,3
337206,MALE,59,4
627558,MALE,19,4
372273,MALE,18,0
407986,FEMALE,22,0
871274,MALE,32,3
390090,MALE,19,0
170367,MALE,27,0
574158,MALE,30,0
691968,MALE,41,2
403158,MALE,28,2
992581,FEMALE,30,4
871608,MALE,19,0
604669,MALE,29,0
768181,MALE,23,0
730074,MALE,41,1
444093,MALE,75,1
933562,FEMALE,43,4
951418,MALE,40,3
695721,FEMALE,25,0
395069,MALE,51,0
453381,MALE,51,1
368099,MALE,21,0
910718,MALE,66,1
556475,MALE,50,4
972961,MALE,30,2
944409,MALE,29,0
650499,MALE,43,1
289909,MALE,21,1
141966,MALE,21,0
534248,FEMALE,30,4
791677,MALE,27,0
204626,MALE,21,0
890574,MALE,35,1
471321,FEMALE,31,3
923497,MALE,18,3
311870,FEMALE,24,0
900106,MALE,40,0
844539,MALE,18,0
112730,MALE,31,3
469718,FEMALE,23,0
487574,FEMALE,29,3
351473,MALE,45,1
184900,FEMALE,22,0
703316,MALE,26,0
947260,MALE,20,0
461767,MALE,30,4
928574,FEMALE,25,0
887328,MALE,31,1
952382,MALE,23,0
320132,FEMALE,34,0
883195,FEMALE,24,0
987125,MALE,48,3
309257,MALE,23,0
506793,MALE,69,1
872500,FEMALE,43,0
246552,MALE,57,4
184682,MALE,36,0
281473,FEMALE,36,0
885545,MALE,42,2
260432,MALE,25,3
137027,FEMALE,45,3
792295,MALE,55,1
976740,FEMALE,38,1
718916,MALE,20,0
385737,MALE,69,1
489021,MALE,47,1
818642,FEMALE,64,1
976513,MALE,54,0
132055,MALE,38,3
838436,MALE,20,0
232761,MALE,31,2
405280,FEMALE,37,3
224019,FEMALE,51,3
388632,MALE,27,2
210534,MALE,36,1
618651,MALE,37,0
345365,MALE,31,2
462779,MALE,23,0
255734,MALE,29,0
881393,FEMALE,49,4
535123,MALE,37,4
666418,MALE,67,3
819918,MALE,24,0
698550,MALE,31,4
284810,MALE,49,1
992438,MALE,19,0
679486,MALE,51,3
644587,MALE,31,0
615595,MALE,32,4
799250,FEMALE,27,4
824244,MALE,34,2
763165,MALE,19,0
813504,FEMALE,29,4
268117,MALE,54,0
899181,MALE,31,0
891253,MALE,37,0
159444,MALE,25,0
673245,MALE,20,1
664526,MALE,26,0
703005,MALE,47,3
840253,MALE,26,0
638719,MALE,21,0
202005,MALE,59,2
764457,MALE,35,4
284916,MALE,19,1
733929,FEMALE,42,3
213887,FEMALE,36,2
298774,MALE,23,0
217072,FEMALE,26,0
235718,MALE,24,2
991708,MALE,39,4
370305,MALE,31,4
355634,MALE,73,0
971236,MALE,25,2
673747,MALE,61,1
333429,MALE,49,1
483326,FEMALE,23,0
223130,MALE,24,2
970819,MALE,44,4
206482,MALE,47,3
196516,MALE,19,0
141389,FEMALE,39,4
929138,FEMALE,37,1
510692,MALE,21,0
908910,FEMALE,24,0
926326,MALE,71,0
427347,MALE,19,0
683986,MALE,26,0
211582,MALE,25,0
592112,FEMALE,18,0
717471,MALE,71,3
822191,MALE,69,0
893198,FEMALE,27,1
133566,MALE,40,0
128010,MALE,19,1
398529,MALE,41,4
369977,MALE,73,0
282322,MALE,25,0
856238,MALE,26,0
887975,MALE,52,3
978815,MALE,44,2
406853,MALE,41,4
463934,MALE,50,0
920085,MALE,44,3
998229,MALE,31,0
408807,MALE,46,0
911761,MALE,31,0
443067,FEMALE,55,4
289171,FEMALE,40,2
996799,FEMALE,32,4
213794,MALE,71,3
199123,MALE,46,4
601288,FEMALE,37,1
320468,MALE,36,0
166573,MALE,43,1
437092,FEMALE,47,1
586989,FEMALE,39,0
166946,MALE,45,1
656415,MALE,22,0
734559,MALE,38,0
841651,MALE,24,0
585955,MALE,19,3
889001,FEMALE,38,0
111575,MALE,49,0
799370,MALE,39,2
624411,MALE,31,2
994489,MALE,27,0
846546,FEMALE,18,0
155193,MALE,26,0
404649,FEMALE,36,1
604556,FEMALE,38,3
563310,MALE,40,0
329689,MALE,54,0
354288,MALE,63,0
536696,FEMALE,25,0
255876,MALE,47,3
539880,MALE,18,0
120644,MALE,21,0
313668,MALE,27,4
862635,MALE,26,0
545312,MALE,22,4
530641,MALE,42,4
262076,FEMALE,23,0
134756,MALE,34,4
126037,MALE,20,4
569098,MALE,18,4
756684,MALE,32,4
257705,MALE,39,0
515134,MALE,26,0
680911,MALE,59,4
140024,MALE,48,0
608870,MALE,47,2
248720,MALE,37,2
360182,MALE,42,4
798872,MALE,43,2
291508,MALE,26,0
821054,MALE,30,0
507312,FEMALE,65,2
446233,MALE,18,0
773817,FEMALE,50,4
142752,MALE,63,3
764307,MALE,51,3
990790,MALE,31,0
528665,MALE,29,4
188347,FEMALE,50,3
531850,MALE,22,2
132429,MALE,21,2
135348,MALE,19,1
935792,MALE,19,0
238898,MALE,29,0
960407,MALE,60,0
132202,MALE,31,2
619633,MALE,72,3
186499,MALE,31,0
563320,MALE,30,0
442347,MALE,45,2
385989,MALE,22,3
125793,MALE,31,2
269783,MALE,27,0
367760,MALE,20,0
239210,FEMALE,23,0
226910,MALE,62,0
882178,MALE,21,0
814357,FEMALE,44,0
188849,MALE,37,0
543198,FEMALE,32,1
873611,MALE,39,4
348057,FEMALE,23,0
227852,MALE,28,0
677656,MALE,29,0
209974,FEMALE,46,4
633202,MALE,31,1
724041,MALE,49,1
682795,MALE,26,0
308719,MALE,31,0
128249,MALE,51,0
805721,MALE,63,3
844201,MALE,68,3
623275,MALE,41,1
745584,FEMALE,29,3
524658,MALE,29,4
609545,MALE,30,4
880064,MALE,27,0
876857,MALE,20,0
165671,FEMALE,37,3
956188,FEMALE,40,0
270786,MALE,21,0
342584,MALE,38,4
936332,FEMALE,33,0
736029,MALE,19,0
130354,MALE,29,0
356837,FEMALE,43,0
587691,MALE,20,1
822459,MALE,21,0
595581,MALE,75,1
746709,MALE,45,2
578933,MALE,43,4
290726,MALE,29,4
978521,MALE,29,3
661198,FEMALE,56,2
115812,MALE,51,1
419649,MALE,47,4
276411,MALE,29,0
413658,MALE,43,4
711560,MALE,30,1
736158,MALE,31,2
799175,MALE,44,1
601244,MALE,23,0
869764,MALE,27,0
616310,MALE,25,1
243465,MALE,21,0
549674,MALE,41,3
313810,MALE,31,1
344756,MALE,55,4
940527,FEMALE,27,3
215460,MALE,36,0
245966,FEMALE,28,1
496653,MALE,24,0
779866,FEMALE,69,0
409393,MALE,18,0
733063,MALE,26,0
458546,MALE,29,0
947224,MALE,41,3
912720,MALE,45,3
260637,MALE,35,2
602909,MALE,47,4
548572,MALE,58,2
612836,FEMALE,23,0
312975,MALE,47,1
347083,MALE,24,4
834309,FEMALE,46,3
221891,MALE,19,0
837494,MALE,29,0
682809,FEMALE,53,4
222660,FEMALE,19,0
213940,MALE,49,4
557443,MALE,29,0
240120,MALE,47,0
994947,MALE,38,4
991740,FEMALE,25,4
180995,MALE,23,1
531240,MALE,46,1
748214,MALE,51,3
837822,MALE,43,2
564536,MALE,26,0
140912,MALE,43,2
683532,FEMALE,20,0
883716,FEMALE,18,0
675439,MALE,18,1
236354,FEMALE,19,0
566371,MALE,53,3
419614,MALE,29,0
111779,MALE,26,0
121706,MALE,24,0
403863,FEMALE,50,1
710445,MALE,27,3
525604,MALE,64,2
729882,FEMALE,37,2
403445,MALE,58,1
153906,FEMALE,46,4
689783,MALE,35,2
469664,MALE,47,4
959132,MALE,26,0
179668,FEMALE,21,0
383156,FEMALE,20,0
614010,MALE,51,0
188014,FEMALE,22,0
908483,MALE,50,3
800600,FEMALE,22,0
812900,MALE,74,0
161607,FEMALE,18,0
672846,MALE,35,0
532436,MALE,62,3
319043,MALE,20,0
627997,MALE,20,3
524880,MALE,62,0
742644,MALE,40,0
289238,MALE,49,3
321370,MALE,31,3
618069,FEMALE,45,0
943867,MALE,25,0
564675,FEMALE,38,3
809014,MALE,26,0
581740,MALE,52,1
344912,MALE,47,0
914502,MALE,37,3
162047,MALE,68,1
981884,FEMALE,23,0
609039,MALE,66,3
527336,FEMALE,45,1
824431,MALE,34,4
931523,MALE,42,0
556435,FEMALE,35,2
766665,MALE,50,1
493379,FEMALE,37,1
796425,MALE,31,3
568316,FEMALE,24,0
493357,MALE,25,0
127254,MALE,65,1
499704,MALE,45,1
431882,MALE,23,4
501658,MALE,50,0
626211,MALE,30,3
644857,MALE,69,2
443764,MALE,22,0
692412,FEMALE,40,0
365975,MALE,18,0
311655,MALE,65,3
542509,FEMALE,19,0
384243,FEMALE,20,4
513296,MALE,35,4
278884,MALE,19,0
662447,FEMALE,48,1
361795,FEMALE,26,3
564843,MALE,21,1
151542,FEMALE,41,0
767145,MALE,46,3
993628,MALE,23,0
289184,MALE,47,2
901958,FEMALE,46,3
894030,FEMALE,25,0
719512,MALE,25,2
155100,MALE,42,4
681800,MALE,24,0
939229,MALE,47,0
926930,MALE,28,1
513007,MALE,25,0
623679,MALE,31,1
812829,MALE,20,0
591903,FEMALE,42,0
968328,MALE,29,2
787858,MALE,19,4
855284,MALE,31,1
773141,MALE,70,1
645031,FEMALE,64,4
922293,MALE,41,0
170651,FEMALE,41,3
844126,MALE,31,0
497856,FEMALE,34,0
721967,FEMALE,29,0
364584,FEMALE,48,1
283673,FEMALE,35,3
776850,FEMALE,39,2
231464,FEMALE,41,3
316351,FEMALE,26,2
957739,MALE,63,4
815307,FEMALE,32,0
243345,MALE,34,1
711796,FEMALE,26,4
834722,FEMALE,66,0
893034,FEMALE,24,0
807752,MALE,24,0
945790,MALE,21,0
353204,MALE,37,1
569737,FEMALE,20,0
129861,FEMALE,73,3
373805,MALE,52,2
895801,MALE,41,2
625932,MALE,59,1
348274,FEMALE,18,2
479570,MALE,39,4
716376,FEMALE,19,0
443089,FEMALE,18,0
347066,MALE,50,3
338347,MALE,26,2
318492,MALE,70,4
363319,FEMALE,23,0
706821,FEMALE,22,0
988804,MALE,27,3
735350,MALE,34,2
218911,FEMALE,31,3
794848,MALE,28,3
759554,FEMALE,47,1
961589,MALE,31,0
952870,MALE,20,2
519737,MALE,28,4
319434,FEMALE,21,0
181000,MALE,62,0
782282,MALE,35,4
800534,FEMALE,38,2
885421,MALE,50,1
564936,MALE,29,0
906022,MALE,25,0
679144,MALE,28,0
789816,FEMALE,24,0
792544,MALE,23,0
154341,MALE,46,3
218605,MALE,64,1
881423,FEMALE,50,0
629534,MALE,30,2
454371,FEMALE,40,4
518635,MALE,26,4
941863,MALE,33,2
356021,FEMALE,32,1
637987,MALE,46,4
338142,FEMALE,50,1
405568,FEMALE,51,3
390897,MALE,65,3
435329,MALE,25,0
259563,FEMALE,39,3
457099,MALE,42,3
713737,MALE,21,4
207621,FEMALE,26,3
225037,MALE,31,0
882676,FEMALE,24,0
898707,FEMALE,22,0
996685,MALE,21,1
876124,MALE,48,3
262459,MALE,69,4
652369,MALE,29,2
547254,FEMALE,18,0
254135,MALE,29,0
145857,MALE,27,0
475039,MALE,31,2
539303,MALE,26,0
339000,MALE,24,4
827678,MALE,21,3
314379,MALE,38,2
640420,FEMALE,29,0
174760,FEMALE,48,2
830028,FEMALE,37,1
124794,MALE,23,0
877377,FEMALE,33,1
464077,MALE,31,1
349847,FEMALE,32,3
985282,MALE,27,0
371634,FEMALE,49,4
549337,FEMALE,29,0
368866,FEMALE,42,4
734573,MALE,41,3
938852,MALE,25,0
339084,MALE,42,3
981262,MALE,25,0
143942,MALE,30,1
851570,MALE,22,3
968545,MALE,18,0
760708,MALE,25,0
222064,MALE,38,1
598094,MALE,51,1
873113,FEMALE,41,1
758883,MALE,34,2
315427,MALE,40,2
890969,MALE,31,4
232934,MALE,26,0
248334,MALE,40,0
930985,MALE,21,4
583925,MALE,49,2
980578,MALE,22,4
286791,MALE,36,2
447034,MALE,65,1
412530,MALE,28,0
423643,MALE,39,4
574771,FEMALE,22,0
173915,FEMALE,21,0
476962,FEMALE,44,4
150525,MALE,46,0
779218,MALE,51,2
914427,MALE,49,4
402358,MALE,69,0
993757,MALE,75,0
355555,MALE,40,0
666151,MALE,22,0
510218,MALE,29,0
382108,FEMALE,29,3
460252,FEMALE,28,4
411868,MALE,20,0
442374,MALE,38,1
198035,MALE,19,0
276179,MALE,54,3
964765,MALE,59,4
425331,MALE,24,3
123226,FEMALE,41,3
379865,MALE,20,3
252545,FEMALE,38,1
243826,MALE,22,4
573007,MALE,28,1
885564,FEMALE,49,3
877635,FEMALE,30,2
318368,MALE,44,1
854245,MALE,62,4
112486,FEMALE,44,1
887717,MALE,21,0
428009,MALE,30,1
799250,FEMALE,23,0
252237,MALE,51,0
575511,MALE,20,1
390275,MALE,54,1
998740,MALE,27,0
884115,MALE,29,1
288344,MALE,42,4
847368,MALE,22,0
394402,MALE,23,0
886638,FEMALE,50,2
175057,FEMALE,25,0
185775,MALE,23,0
790659,MALE,36,2
581988,MALE,39,0
712887,MALE,40,3
547484,MALE,29,0
751367,MALE,64,1
431277,MALE,35,4
842997,MALE,42,2
349135,MALE,25,0
679152,MALE,30,4
467340,MALE,39,0
790614,MALE,32,4
311073,FEMALE,33,3
877835,FEMALE,26,2
905596,MALE,29,0
676758,MALE,30,0
639220,FEMALE,31,1
325478,MALE,42,2
787976,MALE,34,3
633686,FEMALE,73,1
435755,MALE,18,0
544800,MALE,59,2
529734,MALE,18,0
749870,MALE,75,2
356006,MALE,22,2
394090,MALE,61,2
634059,MALE,27,2
816071,MALE,37,4
369057,MALE,18,0
401957,MALE,22,0
501911,MALE,62,3
845018,MALE,69,2
405538,MALE,19,0
797424,MALE,25,0
461607,FEMALE,26,1
527073,MALE,50,1
268853,MALE,43,4
187546,MALE,35,0
457670,FEMALE,49,1
471551,FEMALE,45,0
288647,MALE,28,3
658329,MALE,30,4
599227,MALE,56,4
391786,MALE,50,1
522686,MALE,46,3
622640,MALE,48,3
168443,FEMALE,20,0
684092,FEMALE,50,0
492903,MALE,22,1
344565,MALE,33,1
521873,MALE,50,1
350517,MALE,67,3
884768,MALE,20,2
272745,MALE,46,4
711040,MALE,26,4
576582,MALE,29,0
249750,FEMALE,31,3
502413,MALE,51,0
531511,MALE,40,4
204679,MALE,31,0
959110,MALE,43,0
362550,MALE,22,4
128533,MALE,18,0
430744,MALE,75,1
458506,MALE,46,3
894429,MALE,23,1
493823,FEMALE,27,0
256226,FEMALE,34,0
306192,MALE,57,4
307378,FEMALE,23,4
894779,FEMALE,23,1
925330,MALE,33,4
521934,MALE,27,3
652834,MALE,44,1
856717,FEMALE,43,4
187173,MALE,22,2
688630,MALE,25,0
322923,MALE,26,3
543606,FEMALE,26,0
655836,MALE,45,0
994556,MALE,19,3
330190,MALE,31,2
116007,MALE,31,1
680435,MALE,22,0
937864,MALE,27,0
376164,MALE,32,0
314689,FEMALE,18,0
415434,MALE,35,0
373792,MALE,44,4
464236,MALE,57,2
491997,FEMALE,42,0
336476,MALE,30,0
990558,FEMALE,33,2
195671,FEMALE,35,4
638337,MALE,22,1
404320,MALE,32,1
738442,MALE,20,3
573829,MALE,34,0
824120,MALE,29,2
286803,MALE,44,0
875435,MALE,20,0
309821,MALE,42,3
808404,MALE,66,3
791095,FEMALE,18,0
557078,FEMALE,32,4
802999,MALE,49,0
980307,MALE,50,1
845849,MALE,25,0
763311,MALE,35,0
139362,FEMALE,33,0
894584,MALE,36,0
520948,FEMALE,28,0
732365,MALE,25,0
232551,MALE,30,2
257545,MALE,24,4
687120,MALE,18,0
115159,MALE,64,2
880832,MALE,33,4
315613,MALE,31,2
174808,MALE,19,0
259300,MALE,21,0
800688,FEMALE,40,0
544863,FEMALE,26,0
967696,MALE,69,0
660256,MALE,36,0
818522,FEMALE,40,4
962907,MALE,31,3
616243,MALE,62,2
765332,MALE,20,0
456356,MALE,21,0
315551,FEMALE,33,0
312534,FEMALE,19,0
629461,MALE,45,3
468428,MALE,22,0
376798,MALE,30,3
746481,MALE,71,3
709544,FEMALE,28,1
570715,FEMALE,49,4
702010,FEMALE,18,0
143155,FEMALE,19,4
844436,MALE,29,0
217680,MALE,28,1
782504,MALE,51,1
794013,MALE,50,2
857091,FEMALE,44,0
648419,MALE,28,4
195453,MALE,48,4
807081,MALE,27,0
712288,MALE,26,3
761637,MALE,51,4
944852,MALE,73,4
859174,MALE,28,0
266984,MALE,23,0
802466,FEMALE,47,3
681098,MALE,33,1
237247,FEMALE,21,0
320508,MALE,38,0
955548,MALE,67,0
910326,MALE,25,3
994027,MALE,31,0
355429,MALE,71,1
887331,MALE,45,2
970592,FEMALE,59,0
875800,MALE,53,3
624322,FEMALE,41,2
562848,MALE,44,1
892470,FEMALE,26,3
735936,FEMALE,52,3
471765,MALE,64,4
343259,MALE,41,4
328192,MALE,41,3
163579,MALE,35,3
758559,MALE,39,3
264696,FEMALE,34,0
892994,FEMALE,35,1
343632,MALE,25,0
951306,FEMALE,38,0
863256,MALE,44,3
658978,FEMALE,46,0
336867,MALE,59,0
441191,FEMALE,25,0
734310,MALE,44,2
619685,MALE,23,0
531635,MALE,20,0
339656,FEMALE,40,4
230543,MALE,18,0
792600,MALE,23,0
229357,FEMALE,25,0
139087,FEMALE,33,0
743181,FEMALE,42,4
336623,MALE,31,3
499610,MALE,31,2
447645,MALE,21,0
299307,MALE,24,0
476615,MALE,23,4
696750,FEMALE,26,3
197376,MALE,21,0
690364,MALE,41,0
578901,MALE,19,0
510684,MALE,40,0
377034,MALE,67,0
722513,MALE,50,1
442088,MALE,32,2
358743,MALE,53,4
336934,MALE,43,0
941818,MALE,31,4
687179,MALE,29,0
121564,MALE,28,4
461091,FEMALE,46,2
345030,MALE,23,0
428732,MALE,22,3
788091,MALE,35,4
421594,FEMALE,43,2
120546,MALE,42,3
725431,MALE,38,4
416393,MALE,49,3
786076,MALE,36,2
266869,MALE,39,0
519532,MALE,41,0
577844,MALE,50,1
561547,FEMALE,22,0
741227,MALE,20,0
261685,MALE,27,0
750759,MALE,42,1
390609,MALE,21,0
186330,MALE,28,0
341784,MALE,53,4
751132,FEMALE,37,2
669700,MALE,29,0
624478,FEMALE,44,4
536428,MALE,20,0
282579,MALE,29,2
800600,FEMALE,28,1
683937,MALE,19,0
675613,MALE,67,1
225019,MALE,31,4
634366,FEMALE,51,0
739498,FEMALE,31,4
656153,MALE,53,0
139318,FEMALE,43,1
621649,MALE,24,0
148850,MALE,38,0
707327,MALE,71,0
605397,MALE,36,3
449875,MALE,56,0
232112,MALE,72,1
660897,MALE,28,0
957596,MALE,24,0
865966,FEMALE,25,0
419742,FEMALE,20,0
713408,MALE,44,0
641611,MALE,24,0
586879,MALE,18,0
285831,MALE,30,1
240609,MALE,39,0
563884,MALE,20,1
454770,MALE,29,0
528149,MALE,27,0
897831,MALE,23,0
259234,MALE,27,0
896645,FEMALE,28,1
397271,FEMALE,26,1
500365,MALE,48,1
365908,MALE,31,3
373836,FEMALE,39,0
119197,MALE,20,1
508712,FEMALE,33,2
481719,MALE,41,0
807365,MALE,29,0
378731,MALE,38,2
748413,MALE,72,0
172476,FEMALE,50,1
343019,MALE,37,4
423931,FEMALE,34,4
382289,MALE,22,3
784499,MALE,30,1
673036,FEMALE,31,3
563132,MALE,26,0
316026,MALE,21,1
682128,FEMALE,29,4
593288,MALE,28,0
850321,MALE,46,2
154993,MALE,20,0
415941,MALE,30,3
740022,FEMALE,26,4
508378,MALE,30,1
871318,MALE,31,0
352111,MALE,30,0
167665,MALE,38,2
362563,MALE,41,0
950404,MALE,65,2
686232,FEMALE,25,0
312992,MALE,42,0
656099,FEMALE,36,2
829036,MALE,23,3
215783,FEMALE,21,2
234034,MALE,46,3
406972,MALE,47,0
849637,FEMALE,26,1
416504,MALE,36,4
260175,FEMALE,38,0
214953,FEMALE,45,3
709979,MALE,24,0
456130,MALE,27,0
676266,MALE,23,0
297090,MALE,69,0
487844,MALE,27,0
291250,MALE,39,0
754556,MALE,22,0
921541,MALE,25,0
475318,FEMALE,26,0
373387,MALE,51,3
162366,MALE,24,0
291228,FEMALE,37,0
660910,MALE,35,4
482416,FEMALE,38,4
679557,MALE,29,0
160350,MALE,25,0
910411,MALE,21,0
569258,MALE,47,0
242426,MALE,65,1
342380,MALE,31,0
811620,FEMALE,39,2
504621,MALE,31,2
899648,MALE,24,4
482372,MALE,32,2
871887,FEMALE,26,0
160305,MALE,22,0
983349,MALE,21,0
271768,MALE,18,0
261201,MALE,73,2
719329,MALE,43,4
876804,MALE,37,2
457156,MALE,19,0
935907,MALE,62,0
800658,MALE,27,0
499171,MALE,38,1
872015,MALE,30,1
544393,MALE,28,3
177895,MALE,61,2
331000,MALE,50,0
893056,FEMALE,51,1
949742,MALE,35,0
572922,MALE,64,0
915238,MALE,28,4
741115,FEMALE,46,2
448765,MALE,38,3
390057,MALE,43,3
162784,MALE,39,2
436617,MALE,53,4
344987,MALE,21,0
449311,FEMALE,36,4
990745,MALE,20,4
129617,MALE,51,2
930456,FEMALE,25,0
774935,FEMALE,47,4
894722,MALE,22,2
216458,MALE,21,0
625806,MALE,26,0
252566,MALE,32,3
810252,MALE,33,3
124015,MALE,44,1
765798,MALE,23,4
587700,MALE,65,2
884399,MALE,59,0
198602,MALE,51,0
740370,MALE,27,2
586079,MALE,25,0
352080,FEMALE,44,1
644391,MALE,18,0
152567,MALE,69,0
181666,FEMALE,25,0
374435,MALE,25,0
969810,MALE,50,2
424028,MALE,31,2
172551,MALE,30,1
469250,MALE,27,3
498554,MALE,51,1
485859,MALE,26,1
590991,MALE,27,3
184433,MALE,59,2
899199,MALE,40,3
760370,FEMALE,25,0
239126,FEMALE,38,3
642126,MALE,43,4
124478,MALE,32,2
297415,MALE,45,3
315667,MALE,65,3
685349,MALE,36,1
997510,MALE,61,3
986667,MALE,24,0
500778,MALE,36,0
269134,FEMALE,55,4
784783,MALE,35,0
862532,MALE,60,3
179898,FEMALE,21,0
235777,MALE,39,0
533283,MALE,25,0
235398,MALE,27,2
392873,FEMALE,44,3
570577,FEMALE,40,0
573305,MALE,50,0
584814,MALE,47,4
330965,FEMALE,27,3
624083,MALE,69,2
926735,FEMALE,36,0
545521,MALE,30,2
480466,MALE,44,1
538383,MALE,41,4
257168,MALE,50,2
550287,MALE,18,1
183790,FEMALE,36,2
377897,MALE,36,2
286267,FEMALE,27,4
974457,MALE,71,0
481843,MALE,19,1
389405,MALE,27,0
494537,MALE,28,0
338209,MALE,27,0
915728,MALE,33,4
469504,FEMALE,50,4
434605,MALE,30,0
273572,MALE,52,3
997057,MALE,29,0
167644,MALE,40,4
841118,FEMALE,51,3
490083,MALE,47,2
640815,MALE,28,0
625749,FEMALE,48,1
686037,MALE,60,4
863345,MALE,20,0
427969,FEMALE,48,2
671517,MALE,20,0
971379,MALE,61,1
935689,MALE,36,1
582282,FEMALE,25,0
225294,MALE,21,0
281980,MALE,36,3
849989,MALE,30,0
824599,FEMALE,42,0
776610,MALE,30,0
416460,MALE,51,1
260939,MALE,29,0
902722,MALE,24,3
352569,FEMALE,21,0
337502,FEMALE,42,1
222877,MALE,28,0
562404,MALE,22,0
247036,MALE,23,0
444176,FEMALE,18,0
233155,MALE,19,0
841620,MALE,46,2
852338,MALE,18,0
521926,MALE,28,0
597432,MALE,27,0
541910,MALE,19,2
616079,MALE,34,0
634330,MALE,31,4
286875,MALE,23,3
241653,MALE,33,1
709663,MALE,30,1
190456,MALE,59,0
993667,FEMALE,38,0
374902,FEMALE,40,0
865139,FEMALE,41,4
723939,FEMALE,26,0
759985,FEMALE,57,3
475980,MALE,28,0
990839,MALE,60,1
896046,MALE,28,0
970215,MALE,27,0
590233,MALE,30,2
659804,MALE,54,3
545178,FEMALE,20,0
772057,MALE,25,1
563825,MALE,47,0
502351,FEMALE,25,4
344480,MALE,48,3
333328,FEMALE,30,2
895384,FEMALE,39,1
770436,FEMALE,23,0
703027,MALE,67,1
303211,MALE,38,2
385665,MALE,45,0
173853,MALE,18,0
231770,MALE,47,4
409078,MALE,24,0
994130,MALE,53,2
951697,FEMALE,44,1
603802,MALE,30,2
465764,MALE,45,3
835446,FEMALE,31,2
342024,MALE,33,0
150836,FEMALE,58,2
407870,FEMALE,43,1
343362,MALE,25,2
298139,MALE,20,0
429039,MALE,20,0
533364,MALE,38,0
799117,FEMALE,33,4
857034,FEMALE,42,0
316764,MALE,22,0
377052,MALE,38,3
640016,MALE,34,1
929182,MALE,23,0
316324,FEMALE,32,2
466661,MALE,18,0
341318,MALE,31,3
664197,FEMALE,38,0
597956,MALE,23,1
635645,MALE,33,2
994609,MALE,43,4
897178,MALE,21,0
533053,MALE,31,0
570742,MALE,27,0
405733,MALE,30,2
383528,MALE,31,0
708779,MALE,36,2
882112,MALE,41,4
455326,MALE,43,3
263742,MALE,27,0
949516,FEMALE,25,0
525892,MALE,19,3
735728,MALE,31,4
312104,MALE,71,2
369625,FEMALE,33,1
993947,MALE,39,0
806734,FEMALE,25,0
843192,MALE,25,0
266860,MALE,24,0
277973,MALE,29,0
690088,MALE,67,1
170486,MALE,36,3
754352,MALE,23,4
712315,FEMALE,25,0
547306,MALE,37,4
849122,MALE,50,0
132775,MALE,35,0
525057,MALE,32,0
383461,FEMALE,25,0
795576,MALE,32,1
806689,MALE,30,3
886415,MALE,73,0
936159,MALE,61,2
479218,MALE,26,0
163850,MALE,42,0
668780,MALE,45,1
368128,FEMALE,25,0
494262,MALE,57,1
956365,FEMALE,46,4
937323,MALE,37,0
543855,MALE,19,0
112698,MALE,43,3
193215,MALE,30,2
733005,FEMALE,24,0
402198,MALE,63,4
459736,MALE,20,0
201104,FEMALE,25,0
902797,MALE,42,1
883755,MALE,31,0
990056,FEMALE,51,1
994427,MALE,24,0
948809,MALE,25,0
360929,MALE,55,1
268903,MALE,19,3
544584,MALE,50,1
140793,MALE,19,4
656047,MALE,60,3
325239,FEMALE,45,1
232423,MALE,34,3
124145,MALE,25,4
118193,MALE,48,2
707041,FEMALE,71,0
442474,MALE,30,0
977561,MALE,26,0
334197,MALE,25,0
783210,MALE,31,0
565050,MALE,39,4
549589,MALE,52,0
629315,MALE,36,0
549962,MALE,51,1
844227,MALE,45,0
987800,FEMALE,25,0
451132,MALE,20,0
780754,FEMALE,48,3
449156,MALE,56,1
741879,FEMALE,19,0
752993,MALE,26,0
733951,FEMALE,25,0
258530,FEMALE,24,0
192273,MALE,22,0
947116,MALE,48,0
397359,MALE,70,0
835258,MALE,25,0
766646,MALE,31,4
369598,MALE,19,0
997500,MALE,54,1
241487,MALE,38,3
920502,MALE,52,0
974443,MALE,30,4
859423,MALE,21,0
747565,MALE,48,1
415966,FEMALE,51,0
539728,MALE,26,1
567094,MALE,29,0
889973,MALE,21,0
518710,MALE,18,0
402459,MALE,23,0
768166,MALE,31,4
513921,MALE,20,0
348913,MALE,28,1
282672,MALE,46,0
897484,MALE,20,2
493693,MALE,42,4
743589,MALE,46,3
889556,MALE,38,2
952589,MALE,50,3
814156,MALE,23,0
175163,MALE,44,3
732453,FEMALE,30,3
759819,FEMALE,38,2
253854,MALE,38,3
497007,MALE,49,0
146367,MALE,61,1
588637,MALE,37,2
131695,MALE,48,1
578687,MALE,18,0
679036,MALE,26,0
497775,MALE,18,0
942417,MALE,23,1
870225,MALE,42,1
423606,MALE,26,0
404564,MALE,31,1
893242,FEMALE,21,0
322862,MALE,21,0
166945,FEMALE,18,1
917401,MALE,59,4
298240,MALE,59,0
112609,MALE,55,0
856322,FEMALE,55,0
529094,FEMALE,18,0
297845,FEMALE,37,0
209400,MALE,20,0
230023,FEMALE,37,0
876132,MALE,31,3
664715,MALE,69,2
675829,FEMALE,46,2
234767,MALE,51,4
640139,FEMALE,37,2
549451,MALE,34,2
961566,MALE,20,4
683118,MALE,26,0
641081,FEMALE,26,1
695022,MALE,63,3
473305,MALE,42,2
381280,MALE,18,0
312668,FEMALE,32,0
220642,MALE,52,0
807648,MALE,28,0
409809,MALE,20,0
722366,FEMALE,45,4
860776,FEMALE,27,3
825482,FEMALE,22,0
474051,FEMALE,45,0
985724,MALE,23,0
259867,FEMALE,53,2
406624,MALE,31,3
948453,FEMALE,44,0
796140,MALE,50,1
485164,FEMALE,31,4
593798,MALE,42,3
222535,MALE,53,4
737788,MALE,23,3
630713,MALE,29,2
253498,MALE,26,0
788584,FEMALE,32,4
682678,MALE,32,0
564077,MALE,61,1
546372,MALE,69,0
825215,MALE,26,0
570971,MALE,47,1
671320,MALE,28,2
609451,MALE,26,2
854976,MALE,26,0
258810,MALE,34,4
720913,MALE,23,3
774854,MALE,23,0
571739,MALE,31,0
367066,MALE,30,3
298453,MALE,19,1
783551,MALE,30,0
140187,FEMALE,35,2
894223,MALE,18,0
298058,FEMALE,26,1
693920,FEMALE,34,0
826797,MALE,18,0
862447,MALE,46,3
412249,MALE,31,3
511807,MALE,22,0
635569,MALE,72,0
509413,MALE,25,0
593510,FEMALE,20,0
932641,FEMALE,36,1
242869,FEMALE,18,0
486022,MALE,51,4
208365,FEMALE,51,2
117677,MALE,46,0
211284,FEMALE,40,3
181941,MALE,34,2
235882,FEMALE,48,0
725368,MALE,29,0
924485,MALE,41,1
971684,MALE,21,0
193467,MALE,31,4
366799,MALE,31,0
879224,MALE,27,1
959741,MALE,30,3
725329,FEMALE,28,2
852253,FEMALE,18,0
208889,FEMALE,18,0
385802,FEMALE,25,0
990291,MALE,71,0
285058,MALE,28,4
165666,MALE,35,1
